{
  "__version__": "1.3.9",
  "log": {
    "level": 4
  },
  "common": {
    "polyfills": {
      "asyncFunctions": true
    },
    "buildPath": "project://build",
    "outputName": "wechatgame",
    "mainBundleCompressionType": "merge_dep",
    "platform": "wechatgame",
    "inlineEnum": false,
    "name": "生死逃脱",
    "startSceneAssetBundle": true,
    "server": "https://328279128-1300212689.cos.accelerate.myqcloud.com",
    "useBuiltinServer": false,
    "md5Cache": true,
    "overwriteProjectSettings": {
      "includeModules": {
        "gfx-webgl2": "inherit-project-setting"
      }
    },
    "mainBundleIsRemote": false,
    "bundleConfigs": [],
    "scenes": [
      {
        "url": "db://assets/start-scene/scene/loading.scene",
        "uuid": "41648d59-5c62-446f-92f8-b2945005f121"
      }
    ],
    "debug": false,
    "engineModulesConfigKey": "custom-config-5a896035-eb22-4419-bf02-f8072c4746a1"
  },
  "BuildTaskManager": {
    "taskMap": {
      "1764388616340": {
        "type": "build",
        "id": "1764388616340",
        "progress": 1,
        "state": "success",
        "stage": "build",
        "message": "2025-11-29 12:36:29 build success in 11 s!",
        "detailMessage": "// ---- build task web-mobile：onBeforeCopyBuildTemplate ----\r",
        "options": {
          "name": "outputProject",
          "server": "",
          "engineModulesConfigKey": "defaultConfig",
          "platform": "web-mobile",
          "buildPath": "project://build",
          "debug": false,
          "buildMode": "normal",
          "mangleProperties": false,
          "md5Cache": false,
          "skipCompressTexture": false,
          "sourceMaps": false,
          "overwriteProjectSettings": {
            "includeModules": {
              "gfx-webgl2": "on",
              "physics": "inherit-project-setting",
              "physics-2d": "inherit-project-setting"
            },
            "macroConfig": {
              "cleanupImageCache": "inherit-project-setting"
            }
          },
          "nativeCodeBundleMode": "both",
          "polyfills": {
            "asyncFunctions": true
          },
          "experimentalEraseModules": false,
          "startSceneAssetBundle": false,
          "bundleConfigs": [],
          "inlineEnum": false,
          "useBuiltinServer": false,
          "md5CacheOptions": {
            "excludes": [],
            "includes": [],
            "replaceOnly": [],
            "handleTemplateMd5Link": true
          },
          "mainBundleIsRemote": false,
          "mainBundleCompressionType": "merge_dep",
          "useSplashScreen": true,
          "bundleCommonChunk": false,
          "packAutoAtlas": true,
          "startScene": "41648d59-5c62-446f-92f8-b2945005f121",
          "outputName": "web-mobile",
          "taskName": "web-mobile",
          "scenes": [
            {
              "url": "db://assets/start-scene/scene/loading.scene",
              "uuid": "41648d59-5c62-446f-92f8-b2945005f121"
            }
          ],
          "wasmCompressionMode": false,
          "packages": {},
          "__version__": "1.3.9",
          "logDest": "project://temp/builder/log/web-mobile2025-11-29 11-56.log"
        },
        "time": "2025-11-29 12:36:17",
        "dirty": false
      },
      "1766889951353": {
        "type": "build",
        "id": "1766889951353",
        "progress": 1,
        "state": "success",
        "stage": "build",
        "message": "2025-12-28 21:12:24 build success in 1 min 13 s!",
        "detailMessage": "// ---- build task adsense-h5g-plugin：onAfterBuild ----\r",
        "options": {
          "name": "生死逃脱",
          "server": "https://328279128-1300212689.cos.accelerate.myqcloud.com",
          "engineModulesConfigKey": "custom-config-5a896035-eb22-4419-bf02-f8072c4746a1",
          "platform": "wechatgame",
          "buildPath": "project://build",
          "debug": false,
          "buildMode": "normal",
          "mangleProperties": false,
          "md5Cache": true,
          "skipCompressTexture": false,
          "sourceMaps": false,
          "overwriteProjectSettings": {
            "macroConfig": {
              "cleanupImageCache": "on"
            },
            "includeModules": {
              "physics": "inherit-project-setting",
              "physics-2d": "inherit-project-setting",
              "gfx-webgl2": "inherit-project-setting"
            }
          },
          "nativeCodeBundleMode": "wasm",
          "polyfills": {
            "asyncFunctions": false
          },
          "experimentalEraseModules": false,
          "startSceneAssetBundle": true,
          "bundleConfigs": [],
          "inlineEnum": true,
          "useBuiltinServer": false,
          "md5CacheOptions": {
            "excludes": [],
            "includes": [],
            "replaceOnly": [],
            "handleTemplateMd5Link": true
          },
          "mainBundleIsRemote": false,
          "mainBundleCompressionType": "merge_dep",
          "useSplashScreen": true,
          "bundleCommonChunk": false,
          "packAutoAtlas": true,
          "startScene": "41648d59-5c62-446f-92f8-b2945005f121",
          "outputName": "wechatgame",
          "taskName": "wechatgame",
          "scenes": [
            {
              "url": "db://assets/start-scene/scene/loading.scene",
              "uuid": "41648d59-5c62-446f-92f8-b2945005f121"
            }
          ],
          "wasmCompressionMode": false,
          "packages": {},
          "__version__": "1.3.9",
          "logDest": "project://temp/builder/log/wechatgame2025-12-28 10-45.log"
        },
        "time": "2025-12-28 21:11:10",
        "dirty": false
      }
    }
  }
}
