{
  "__version__": "3.0.9",
  "builder": {
    "options": {
      "web-desktop": {
        "configID": "b935dd",
        "services": []
      },
      "web-mobile": {
        "configID": "b935dd",
        "services": []
      },
      "wechatgame": {
        "configID": "b935dd",
        "services": []
      }
    },
    "taskOptionsMap": {
      "1764388616340": {
        "configID": "b935dd",
        "services": []
      },
      "1766805851679": {
        "configID": "b935dd",
        "services": []
      },
      "1766821825803": {
        "configID": "b935dd",
        "services": [],
        "__version__": "3.0.9"
      },
      "1766889951353": {
        "configID": "b935dd",
        "services": [],
        "__version__": "3.0.9"
      }
    },
    "__version__": "1.3.9"
  },
  "builder-options": {
    "configID": "b935dd",
    "services": [],
    "__version__": "3.0.9"
  }
}
