{
  "__version__": "1.0.3",
  "builder": {
    "taskOptionsMap": {},
    "__version__": "1.3.9"
  },
  "gizmos-infos": {
    "is2D": true,
    "is3DIcon": false,
    "iconSize": 2,
    "gridVisible": true,
    "originAxis2D": {
      "x_visible": true,
      "y_visible": true,
      "z_visible": false
    },
    "originAxis3D": {
      "x_visible": true,
      "y_visible": false,
      "z_visible": true
    },
    "gridColor": [
      166,
      166,
      166,
      255
    ],
    "transformToolName": "position",
    "pivot": "pivot",
    "coordinate": "local",
    "toolsVisibility3d": true
  },
  "snap-configs": {
    "position": {
      "x": 1,
      "y": 1,
      "z": 1
    },
    "rotation": 1,
    "scale": 1,
    "isPositionSnapEnabled": false,
    "isRotationSnapEnabled": false,
    "isScaleSnapEnabled": false
  },
  "rect-snap-configs": {
    "enableSnapping": true,
    "snapThreshold": 4
  },
  "camera-infos": {
    "1c49db89-671e-478f-a734-ff01b28fbf24": {
      "position": {
        "x": 27.098732211244688,
        "y": 27.098732211244684,
        "z": 27.098732211244677
      },
      "rotation": {
        "x": -0.27984814233312133,
        "y": 0.3647051996310009,
        "z": 0.11591689595929512,
        "w": 0.8804762392171493
      },
      "viewCenter": {
        "x": 0,
        "y": 0,
        "z": 0
      },
      "contentRect": {
        "x": 0,
        "y": 0,
        "width": 1765,
        "height": 529
      },
      "scale": 1
    },
    "f41ab1e3-2668-438a-a598-26150f63ab65": {
      "position": {
        "x": 27.098732211244688,
        "y": 27.098732211244684,
        "z": 27.098732211244677
      },
      "rotation": {
        "x": -0.27984814233312133,
        "y": 0.3647051996310009,
        "z": 0.11591689595929512,
        "w": 0.8804762392171493
      },
      "viewCenter": {
        "x": 0,
        "y": 0,
        "z": 0
      },
      "contentRect": {
        "x": 0,
        "y": 0,
        "width": 1765,
        "height": 529
      },
      "scale": 1
    },
    "adcd9720-c9de-4d41-886f-0b302da28160": {
      "position": {
        "x": 76.52681975905804,
        "y": 76.52681975905801,
        "z": 76.526819759058
      },
      "rotation": {
        "x": -0.27984814233312133,
        "y": 0.3647051996310009,
        "z": 0.11591689595929512,
        "w": 0.8804762392171493
      },
      "viewCenter": {
        "x": 0,
        "y": 0,
        "z": 0
      },
      "contentRect": {
        "x": 0,
        "y": 0,
        "width": 375,
        "height": 187
      },
      "scale": 1
    },
    "aad026cf-7645-4b1a-865f-efa62dba33f0": {
      "position": {
        "x": 1097.8490479576153,
        "y": 1068.5222035945667,
        "z": 5000
      },
      "rotation": {
        "x": 0,
        "y": 0,
        "z": 0,
        "w": 1
      },
      "viewCenter": {
        "x": 0,
        "y": 0,
        "z": 0
      },
      "contentRect": {
        "x": -24680.188771882695,
        "y": -10436.010961486783,
        "width": 1312,
        "height": 557
      },
      "scale": 0.02
    },
    "bc65d3ff-b952-4aad-946f-ae7442ae0a61": {
      "position": {
        "x": 375,
        "y": 825,
        "z": 5000
      },
      "rotation": {
        "x": 0,
        "y": 0,
        "z": 0,
        "w": 1
      },
      "viewCenter": {
        "x": 0,
        "y": 0,
        "z": 0
      },
      "contentRect": {
        "x": 0,
        "y": 0,
        "width": 126.3181818181818,
        "height": 277.9
      },
      "scale": 0.16842424242424242
    },
    "0f75c712-3304-425c-8037-2ebe1cb75fe7": {
      "position": {
        "x": 375,
        "y": 799.116,
        "z": 5000
      },
      "rotation": {
        "x": 0,
        "y": 0,
        "z": 0,
        "w": 1
      },
      "viewCenter": {
        "x": 0,
        "y": 0,
        "z": 0
      },
      "contentRect": {
        "x": 0,
        "y": -25.884000000000015,
        "width": 126.3181818181818,
        "height": 277.9
      },
      "scale": 0.16842424242424242
    },
    "13076f79-4643-489b-888b-a1b28eea9e69": {
      "position": {
        "x": 375,
        "y": 825.0000000000002,
        "z": 5000
      },
      "rotation": {
        "x": 0,
        "y": 0,
        "z": 0,
        "w": 1
      },
      "viewCenter": {
        "x": 0,
        "y": 0,
        "z": 0
      },
      "contentRect": {
        "x": 5.684341886080802e-14,
        "y": 1.1368683772161603e-13,
        "width": 126.3181818181818,
        "height": 277.9
      },
      "scale": 0.16842424242424242
    },
    "ab36d7f2-1b9d-41d1-bb31-c7df2ba48e2a": {
      "position": {
        "x": 0,
        "y": 0,
        "z": 5000
      },
      "rotation": {
        "x": 0,
        "y": 0,
        "z": 0,
        "w": 1
      },
      "viewCenter": {
        "x": 0,
        "y": 0,
        "z": 0
      },
      "contentRect": {
        "x": 0,
        "y": 0,
        "width": 0,
        "height": 0
      },
      "scale": 1
    },
    "72ea9dd8-822c-4269-be78-7269871793f7": {
      "position": {
        "x": 1087.8394616408586,
        "y": 526.6890657145904,
        "z": 5000
      },
      "rotation": {
        "x": 0,
        "y": 0,
        "z": 0,
        "w": 1
      },
      "viewCenter": {
        "x": 805,
        "y": 735,
        "z": 0
      },
      "contentRect": {
        "x": 592.466929372933,
        "y": 207.89027463425688,
        "width": 923,
        "height": 594
      },
      "scale": 0.9316221024350108
    },
    "7cfb919b-b6b6-4511-83a7-266918b16cae": {
      "position": {
        "x": 450.6483333333333,
        "y": 301.43499999999995,
        "z": 5000
      },
      "rotation": {
        "x": 0,
        "y": 0,
        "z": 0,
        "w": 1
      },
      "viewCenter": {
        "x": 0,
        "y": 0,
        "z": 0
      },
      "contentRect": {
        "x": 0,
        "y": 0,
        "width": 0,
        "height": 0
      },
      "scale": 1
    },
    "a8274d71-340b-4f4b-ae6c-2d21d6730af1": {
      "position": {
        "x": 375,
        "y": 115.83100000000002,
        "z": 5000
      },
      "rotation": {
        "x": 0,
        "y": 0,
        "z": 0,
        "w": 1
      },
      "viewCenter": {
        "x": 0,
        "y": 0,
        "z": 0
      },
      "contentRect": {
        "x": 0,
        "y": 1.4210854715202004e-14,
        "width": 890.4,
        "height": 275.02912640000005
      },
      "scale": 1.1872
    },
    "da8bab2b-bad5-4fa9-96d3-ebbb2bfcb710": {
      "position": {
        "x": 375,
        "y": 251.20700000000005,
        "z": 5000
      },
      "rotation": {
        "x": 0,
        "y": 0,
        "z": 0,
        "w": 1
      },
      "viewCenter": {
        "x": 0,
        "y": 0,
        "z": 0
      },
      "contentRect": {
        "x": 0,
        "y": 149.44900000000007,
        "width": 890.4,
        "height": 241.61419519999995
      },
      "scale": 1.1872
    },
    "5c5bcc7e-cc01-4b8d-924c-d7e1af603c8f": {
      "position": {
        "x": 527.9185070061146,
        "y": 1526.6928940235625,
        "z": 5000
      },
      "rotation": {
        "x": 0,
        "y": 0,
        "z": 0,
        "w": 1
      },
      "viewCenter": {
        "x": 0,
        "y": 0,
        "z": 0
      },
      "contentRect": {
        "x": -516.0061934199825,
        "y": 703.25594510907,
        "width": 1231,
        "height": 971
      },
      "scale": 0.5896019126176173
    },
    "c0b0163f-0126-474b-bf0d-f9f4abbca2a1": {
      "position": {
        "x": 0,
        "y": 0,
        "z": 5000
      },
      "rotation": {
        "x": 0,
        "y": 0,
        "z": 0,
        "w": 1
      },
      "viewCenter": {
        "x": 0,
        "y": 0,
        "z": 0
      },
      "contentRect": {
        "x": 0,
        "y": 0,
        "width": 0,
        "height": 0
      },
      "scale": 1
    },
    "d1339836-c445-4f34-a98f-a46415097ac6": {
      "position": {
        "x": 375,
        "y": 819.3564999999999,
        "z": 5000
      },
      "rotation": {
        "x": 0,
        "y": 0,
        "z": 0,
        "w": 1
      },
      "viewCenter": {
        "x": 0,
        "y": 0,
        "z": 0
      },
      "contentRect": {
        "x": 284.0923070017953,
        "y": 770.5489160041035,
        "width": 637,
        "height": 342
      },
      "scale": 3.503553874217113
    },
    "a2897ace-50b7-4253-be76-5717ddc94c71": {
      "position": {
        "x": 375,
        "y": 825,
        "z": 5000
      },
      "rotation": {
        "x": 0,
        "y": 0,
        "z": 0,
        "w": 1
      },
      "viewCenter": {
        "x": 0,
        "y": 0,
        "z": 0
      },
      "contentRect": {
        "x": 136,
        "y": 785,
        "width": 890.4000000000001,
        "height": 149.02092050209208
      },
      "scale": 1.862761506276151
    },
    "0e3c698c-0eae-42ce-9262-be4fc962c1c1": {
      "position": {
        "x": 6484.698756551854,
        "y": 5507.797443269759,
        "z": 5000
      },
      "rotation": {
        "x": 0,
        "y": 0,
        "z": 0,
        "w": 1
      },
      "viewCenter": {
        "x": 0,
        "y": 0,
        "z": 0
      },
      "contentRect": {
        "x": -24290.301243448146,
        "y": -18767.20255673024,
        "width": 1231,
        "height": 971
      },
      "scale": 0.02
    },
    "92bb3582-4446-4557-848e-0781d8ef217e": {
      "position": {
        "x": 285.8683333333333,
        "y": 191.21499999999997,
        "z": 5000
      },
      "rotation": {
        "x": 0,
        "y": 0,
        "z": 0,
        "w": 1
      },
      "viewCenter": {
        "x": 0,
        "y": 0,
        "z": 0
      },
      "contentRect": {
        "x": 0,
        "y": 0,
        "width": 0,
        "height": 0
      },
      "scale": 1
    },
    "5e739ffa-12e2-4284-b80f-ac31cb4b8f62": {
      "position": {
        "x": 0,
        "y": 0,
        "z": 5000
      },
      "rotation": {
        "x": 0,
        "y": 0,
        "z": 0,
        "w": 1
      },
      "viewCenter": {
        "x": 0,
        "y": 0,
        "z": 0
      },
      "contentRect": {
        "x": -615.5,
        "y": -485.5,
        "width": 1231,
        "height": 971
      },
      "scale": 1
    },
    "26270fee-3ade-478e-a39c-7ab97afb637a": {
      "position": {
        "x": 47.258366794130325,
        "y": 357.88973023927633,
        "z": 5000
      },
      "rotation": {
        "x": 0,
        "y": 0,
        "z": 0,
        "w": 1
      },
      "viewCenter": {
        "x": 0,
        "y": 0,
        "z": 0
      },
      "contentRect": {
        "x": -2141.3057493323254,
        "y": -1449.373239163477,
        "width": 1257,
        "height": 1038
      },
      "scale": 0.28717458874925883
    },
    "41648d59-5c62-446f-92f8-b2945005f121": {
      "position": {
        "x": 259.97670513136336,
        "y": 838.1868448256864,
        "z": 5000
      },
      "rotation": {
        "x": 0,
        "y": 0,
        "z": 0,
        "w": 1
      },
      "viewCenter": {
        "x": 0,
        "y": 0,
        "z": 0
      },
      "contentRect": {
        "x": -983.9966778999647,
        "y": -189.05609199731947,
        "width": 1257,
        "height": 1038
      },
      "scale": 0.5052358905529508
    },
    "5501edda-de6b-4422-acd4-5d25a1a97dd9": {
      "position": {
        "x": 379.69775237399205,
        "y": 826.9070083894425,
        "z": 5000
      },
      "rotation": {
        "x": 0,
        "y": 0,
        "z": 0,
        "w": 1
      },
      "viewCenter": {
        "x": 0,
        "y": 0,
        "z": 0
      },
      "contentRect": {
        "x": 270.4694359419544,
        "y": 736.7089236985474,
        "width": 1257,
        "height": 1038
      },
      "scale": 5.754002446710376
    },
    "df751f8f-7b05-46ca-b2b8-7e46af2fc692": {
      "position": {
        "x": 371.5457925854919,
        "y": 821.3370334685742,
        "z": 5000
      },
      "rotation": {
        "x": 0,
        "y": 0,
        "z": 0,
        "w": 1
      },
      "viewCenter": {
        "x": 0,
        "y": 0,
        "z": 0
      },
      "contentRect": {
        "x": -268.13267013598306,
        "y": 293.10613107804824,
        "width": 1257,
        "height": 1038
      },
      "scale": 0.9825248724587087
    },
    "9df97025-742a-488c-b601-11f9f39c1390": {
      "position": {
        "x": 375,
        "y": 825.0000000000001,
        "z": 5000
      },
      "rotation": {
        "x": 0,
        "y": 0,
        "z": 0,
        "w": 1
      },
      "viewCenter": {
        "x": 0,
        "y": 0,
        "z": 0
      },
      "contentRect": {
        "x": 370,
        "y": 820,
        "width": 277.9,
        "height": 277.9
      },
      "scale": 27.79
    },
    "790d21d9-296a-4db6-84c7-9a2c37ef339a": {
      "position": {
        "x": 375,
        "y": 825.0000000000001,
        "z": 5000
      },
      "rotation": {
        "x": 0,
        "y": 0,
        "z": 0,
        "w": 1
      },
      "viewCenter": {
        "x": 0,
        "y": 0,
        "z": 0
      },
      "contentRect": {
        "x": 370,
        "y": 820,
        "width": 277.9,
        "height": 277.9
      },
      "scale": 27.79
    },
    "25097b93-7ec7-42b3-ad10-e99aab429a4d": {
      "position": {
        "x": 375,
        "y": 825,
        "z": 5000
      },
      "rotation": {
        "x": 0,
        "y": 0,
        "z": 0,
        "w": 1
      },
      "viewCenter": {
        "x": 0,
        "y": 0,
        "z": 0
      },
      "contentRect": {
        "x": 374.5,
        "y": 824.5,
        "width": 277.9,
        "height": 277.9
      },
      "scale": 277.9
    },
    "6cf0803e-f2d9-47db-a4e1-e94029de38a8": {
      "position": {
        "x": 374.99999999999994,
        "y": 824.9999999999999,
        "z": 5000
      },
      "rotation": {
        "x": 0,
        "y": 0,
        "z": 0,
        "w": 1
      },
      "viewCenter": {
        "x": 0,
        "y": 0,
        "z": 0
      },
      "contentRect": {
        "x": 373.5,
        "y": 823.5,
        "width": 277.9,
        "height": 277.9
      },
      "scale": 92.63333333333333
    },
    "eda777b3-b9f7-4007-bcba-b54ad478e5af": {
      "position": {
        "x": 375.00000000000006,
        "y": 824.9999999999999,
        "z": 5000
      },
      "rotation": {
        "x": 0,
        "y": 0,
        "z": 0,
        "w": 1
      },
      "viewCenter": {
        "x": 0,
        "y": 0,
        "z": 0
      },
      "contentRect": {
        "x": 372,
        "y": 822,
        "width": 277.9,
        "height": 277.9
      },
      "scale": 46.31666666666666
    },
    "13df1c87-78e7-4127-98d6-528484e9c13e": {
      "position": {
        "x": 245,
        "y": 859.8999999999999,
        "z": 5000
      },
      "rotation": {
        "x": 0,
        "y": 0,
        "z": 0,
        "w": 1
      },
      "viewCenter": {
        "x": 0,
        "y": 0,
        "z": 0
      },
      "contentRect": {
        "x": 125.00000000000003,
        "y": 819.9,
        "width": 833.6999999999999,
        "height": 277.9
      },
      "scale": 3.47375
    },
    "0c8e7968-0293-429a-ab0a-fc11b1aa4412": {
      "position": {
        "x": 375,
        "y": 825,
        "z": 5000
      },
      "rotation": {
        "x": 0,
        "y": 0,
        "z": 0,
        "w": 1
      },
      "viewCenter": {
        "x": 0,
        "y": 0,
        "z": 0
      },
      "contentRect": {
        "x": 374,
        "y": 824,
        "width": 277.9,
        "height": 277.9
      },
      "scale": 138.95
    },
    "2c276b09-4405-421f-9d1a-7f448ee3471d": {
      "position": {
        "x": 375.00000000000006,
        "y": 820.9379999999999,
        "z": 5000
      },
      "rotation": {
        "x": 0,
        "y": 0,
        "z": 0,
        "w": 1
      },
      "viewCenter": {
        "x": 0,
        "y": 0,
        "z": 0
      },
      "contentRect": {
        "x": 372,
        "y": 817.938,
        "width": 277.9,
        "height": 277.9
      },
      "scale": 46.31666666666666
    },
    "1b7fdb5f-b00f-4646-ab2e-0d293b1a6dda": {
      "position": {
        "x": 380.45834342597425,
        "y": 830.6869863350208,
        "z": 5000
      },
      "rotation": {
        "x": 0,
        "y": 0,
        "z": 0,
        "w": 1
      },
      "viewCenter": {
        "x": 0,
        "y": 0,
        "z": 0
      },
      "contentRect": {
        "x": 338.0532516663485,
        "y": 795.6698938557117,
        "width": 1257,
        "height": 1038
      },
      "scale": 14.82133333333334
    },
    "36bd21ec-8c78-46bc-9b86-63131bcda6a6": {
      "position": {
        "x": -293.540842029507,
        "y": 1650.000000000001,
        "z": 5000
      },
      "rotation": {
        "x": 0,
        "y": 0,
        "z": 0,
        "w": 1
      },
      "viewCenter": {
        "x": 0,
        "y": 0,
        "z": 0
      },
      "contentRect": {
        "x": -4816.750629722921,
        "y": -2085.156531126303,
        "width": 1257,
        "height": 1038
      },
      "scale": 0.13895000000000002
    },
    "d292cfaa-1b04-4c12-b987-1eb77a472761": {
      "position": {
        "x": 370.6851088329554,
        "y": 825.626743968397,
        "z": 5000
      },
      "rotation": {
        "x": 0,
        "y": 0,
        "z": 0,
        "w": 1
      },
      "viewCenter": {
        "x": 0,
        "y": 0,
        "z": 0
      },
      "contentRect": {
        "x": 205.12594008487594,
        "y": 688.9120127348995,
        "width": 1257,
        "height": 1038
      },
      "scale": 3.796225873520464
    },
    "688d0cd9-c46d-4e9a-9421-b9f917bcfc75": {
      "position": {
        "x": 375.00000000000006,
        "y": 820.9379999999999,
        "z": 5000
      },
      "rotation": {
        "x": 0,
        "y": 0,
        "z": 0,
        "w": 1
      },
      "viewCenter": {
        "x": 0,
        "y": 0,
        "z": 0
      },
      "contentRect": {
        "x": 372,
        "y": 817.938,
        "width": 277.9,
        "height": 277.9
      },
      "scale": 46.31666666666666
    },
    "977321d9-2646-44a5-9d21-70fb1a576c6a": {
      "position": {
        "x": 375.00000000000006,
        "y": 820.9379999999999,
        "z": 5000
      },
      "rotation": {
        "x": 0,
        "y": 0,
        "z": 0,
        "w": 1
      },
      "viewCenter": {
        "x": 0,
        "y": 0,
        "z": 0
      },
      "contentRect": {
        "x": 372,
        "y": 817.938,
        "width": 277.9,
        "height": 277.9
      },
      "scale": 46.31666666666666
    }
  },
  "camera-uuids": [
    "1c49db89-671e-478f-a734-ff01b28fbf24",
    "f41ab1e3-2668-438a-a598-26150f63ab65",
    "adcd9720-c9de-4d41-886f-0b302da28160",
    "aad026cf-7645-4b1a-865f-efa62dba33f0",
    "bc65d3ff-b952-4aad-946f-ae7442ae0a61",
    "0f75c712-3304-425c-8037-2ebe1cb75fe7",
    "13076f79-4643-489b-888b-a1b28eea9e69",
    "ab36d7f2-1b9d-41d1-bb31-c7df2ba48e2a",
    "72ea9dd8-822c-4269-be78-7269871793f7",
    "7cfb919b-b6b6-4511-83a7-266918b16cae",
    "a8274d71-340b-4f4b-ae6c-2d21d6730af1",
    "da8bab2b-bad5-4fa9-96d3-ebbb2bfcb710",
    "5c5bcc7e-cc01-4b8d-924c-d7e1af603c8f",
    "c0b0163f-0126-474b-bf0d-f9f4abbca2a1",
    "d1339836-c445-4f34-a98f-a46415097ac6",
    "a2897ace-50b7-4253-be76-5717ddc94c71",
    "0e3c698c-0eae-42ce-9262-be4fc962c1c1",
    "92bb3582-4446-4557-848e-0781d8ef217e",
    "5e739ffa-12e2-4284-b80f-ac31cb4b8f62",
    "26270fee-3ade-478e-a39c-7ab97afb637a",
    "41648d59-5c62-446f-92f8-b2945005f121",
    "5501edda-de6b-4422-acd4-5d25a1a97dd9",
    "df751f8f-7b05-46ca-b2b8-7e46af2fc692",
    "9df97025-742a-488c-b601-11f9f39c1390",
    "790d21d9-296a-4db6-84c7-9a2c37ef339a",
    "25097b93-7ec7-42b3-ad10-e99aab429a4d",
    "6cf0803e-f2d9-47db-a4e1-e94029de38a8",
    "eda777b3-b9f7-4007-bcba-b54ad478e5af",
    "13df1c87-78e7-4127-98d6-528484e9c13e",
    "0c8e7968-0293-429a-ab0a-fc11b1aa4412",
    "2c276b09-4405-421f-9d1a-7f448ee3471d",
    "1b7fdb5f-b00f-4646-ab2e-0d293b1a6dda",
    "36bd21ec-8c78-46bc-9b86-63131bcda6a6",
    "d292cfaa-1b04-4c12-b987-1eb77a472761",
    "688d0cd9-c46d-4e9a-9421-b9f917bcfc75",
    "977321d9-2646-44a5-9d21-70fb1a576c6a"
  ],
  "camera": {
    "color": [
      48,
      48,
      48,
      255
    ],
    "fov": 45,
    "far": 10000,
    "near": 0.01,
    "wheelSpeed": 0.01,
    "wanderSpeed": 10,
    "enableAcceleration": true,
    "size": "__default_design__",
    "far2D": 10000,
    "near2D": 1,
    "wheelSpeed2D": 6,
    "iso": 0,
    "aperture": 19,
    "shutter": 7
  },
  "float-window": {
    "position": {
      "cc": {
        "Camera": {
          "dock": false,
          "top": null,
          "bottom": 10,
          "left": null,
          "right": 10
        },
        "ParticleSystem": {
          "dock": false,
          "top": null,
          "bottom": 10,
          "left": null,
          "right": 10
        }
      }
    }
  },
  "scene_view": {
    "isSceneLightOn": true,
    "output_device": "__default_design__"
  },
  "game-view": {
    "devicesInfo": {
      "name": "Apple iPhone 12/13 Pro Max; 14 Plus",
      "type": "device",
      "width": 428,
      "height": 926
    }
  }
}
