{
  "__version__": "1.0.1",
  "builder": {
    "common": {
      "polyfills": {
        "asyncFunctions": true
      },
      "buildPath": "project://build",
      "outputName": "web-mobile",
      "mainBundleCompressionType": "merge_dep",
      "platform": "web-mobile",
      "inlineEnum": false,
      "name": "极限逃脱",
      "bundleConfigs": []
    },
    "taskOptionsMap": {
      "1764388616340": {
        "useWebGPU": false,
        "orientation": "auto",
        "embedWebDebugger": false,
        "__version__": "1.0.1"
      }
    },
    "__version__": "1.3.9"
  }
}
