{
  "__version__": "1.0.4",
  "builder": {
    "common": {
      "buildPath": "project://build",
      "outputName": "wechatgame",
      "mainBundleCompressionType": "merge_dep",
      "platform": "wechatgame",
      "name": "生死逃脱",
      "startSceneAssetBundle": true,
      "server": "https://328279128-1300212689.cos.accelerate.myqcloud.com",
      "useBuiltinServer": false,
      "md5Cache": true,
      "overwriteProjectSettings": {
        "includeModules": {
          "gfx-webgl2": "inherit-project-setting"
        }
      },
      "mainBundleIsRemote": false,
      "bundleConfigs": [],
      "scenes": [
        {
          "url": "db://assets/start-scene/scene/loading.scene",
          "uuid": "41648d59-5c62-446f-92f8-b2945005f121"
        }
      ],
      "debug": false,
      "engineModulesConfigKey": "custom-config-5a896035-eb22-4419-bf02-f8072c4746a1"
    },
    "taskOptionsMap": {
      "1766805851679": {
        "orientation": "portrait",
        "appid": "wx6ac3f5090a6b99c5",
        "buildOpenDataContextTemplate": "",
        "separateEngine": false,
        "highPerformanceMode": false,
        "__version__": "1.0.4"
      },
      "1766821825803": {
        "orientation": "portrait",
        "appid": "wxf67531bdf3d328af",
        "buildOpenDataContextTemplate": "",
        "separateEngine": false,
        "highPerformanceMode": false,
        "__version__": "1.0.4"
      },
      "1766889951353": {
        "orientation": "portrait",
        "appid": "wxf67531bdf3d328af",
        "buildOpenDataContextTemplate": "",
        "separateEngine": false,
        "highPerformanceMode": false,
        "__version__": "1.0.4"
      }
    },
    "__version__": "1.3.9",
    "options": {
      "wechatgame": {
        "orientation": "portrait",
        "appid": "wxf67531bdf3d328af",
        "buildOpenDataContextTemplate": "",
        "separateEngine": false,
        "highPerformanceMode": false,
        "__version__": "1.0.4"
      }
    }
  }
}
